{
    "Bit2C": [
        "NIS"
    ],
    "BitcoinAverage": [
        "DZD",
        "NAD",
        "GHS",
        "EGP",
        "BGN",
        "PAB",
        "PHP",
        "BOB",
        "DKK",
        "BWP",
        "LBP",
        "TZS",
        "VND",
        "AOA",
        "KHR",
        "QAR",
        "KYD",
        "LYD",
        "UAH",
        "JOD",
        "AWG",
        "SAR",
        "XPT",
        "HKD",
        "EUR",
        "CHF",
        "GIP",
        "BYR",
        "XPF",
        "XPD",
        "BYN",
        "MRO",
        "HRK",
        "DJF",
        "THB",
        "XAF",
        "BND",
        "ETB",
        "UYU",
        "NIO",
        "LAK",
        "SYP",
        "MAD",
        "MZN",
        "YER",
        "ZAR",
        "NPR",
        "ZWL",
        "NGN",
        "CRC",
        "AED",
        "EEK",
        "MWK",
        "TTD",
        "LKR",
        "PKR",
        "HUF",
        "BMD",
        "LSL",
        "MNT",
        "AMD",
        "UGX",
        "XDR",
        "JMD",
        "GEL",
        "SHP",
        "AFN",
        "MMK",
        "KPW",
        "TRY",
        "BDT",
        "CNY",
        "HTG",
        "SLL",
        "MGA",
        "ANG",
        "LRD",
        "RWF",
        "NOK",
        "MOP",
        "INR",
        "MXN",
        "CZK",
        "TJS",
        "BTC",
        "BTN",
        "COP",
        "MYR",
        "TMT",
        "MUR",
        "IDR",
        "HNL",
        "FJD",
        "ISK",
        "PEN",
        "BZD",
        "ILS",
        "DOP",
        "GGP",
        "MDL",
        "BSD",
        "SEK",
        "ZMK",
        "JEP",
        "AUD",
        "SRD",
        "CUP",
        "CLF",
        "BBD",
        "KMF",
        "KRW",
        "GMD",
        "VEF",
        "IMP",
        "CUC",
        "CLP",
        "ZMW",
        "LTL",
        "ALL",
        "XCD",
        "KZT",
        "RUB",
        "XAG",
        "CDF",
        "RON",
        "OMR",
        "BRL",
        "SBD",
        "PLN",
        "PYG",
        "KES",
        "MKD",
        "GBP",
        "AZN",
        "TOP",
        "MVR",
        "VUV",
        "GNF",
        "WST",
        "IQD",
        "ERN",
        "BAM",
        "SCR",
        "CAD",
        "CVE",
        "KWD",
        "BIF",
        "PGK",
        "SOS",
        "TWD",
        "SGD",
        "UZS",
        "STD",
        "IRR",
        "SVC",
        "XOF",
        "TND",
        "GYD",
        "MTL",
        "NZD",
        "FKP",
        "LVL",
        "USD",
        "KGS",
        "ARS",
        "SZL",
        "GTQ",
        "RSD",
        "BHD",
        "JPY",
        "SDG",
        "XAU"
    ],
    "BitcoinVenezuela": [
        "ARS",
        "EUR",
        "USD",
        "VEF"
    ],
    "Bitfinex": [
        "USD"
    ],
    "BTCChina": [
        "CNY"
    ],
    "BTCe": [
        "EUR",
        "RUR",
        "USD"
    ],
    "CaVirtEx": [
        "CAD"
    ],
    "CoinSpot": [
        "AUD"
    ],
    "GoCoin": [
        "CNY"
    ],
    "HitBTC": [
        "EUR",
        "USD"
    ],
    "Kraken": [
        "EUR",
        "USD"
    ],
    "OKCoin": [
        "CNY"
    ],
    "MercadoBitcoin": [
        "BRL"
    ],
    "Bitcointoyou": [
        "BRL"
    ]
}
